TDSFU Daily run: Mon Oct 27 14:39:31 UTC 2025 TDSFU
TDSFU Daily run: Tue Oct 28 04:35:19 UTC 2025 TDSFU
TDSFU Daily run: Wed Oct 29 04:40:45 UTC 2025 TDSFU
TDSFU Daily run: Thu Oct 30 04:34:45 UTC 2025 TDSFU
TDSFU Daily run: Fri Oct 31 04:37:12 UTC 2025 TDSFU
TDSFU Daily run: Sat Nov  1 04:32:59 UTC 2025 TDSFU
TDSFU Daily run: Sun Nov  2 04:34:47 UTC 2025 TDSFU
TDSFU Daily run: Mon Nov  3 04:41:46 UTC 2025 TDSFU
TDSFU Daily run: Tue Nov  4 04:35:15 UTC 2025 TDSFU
TDSFU Daily run: Wed Nov  5 04:35:30 UTC 2025 TDSFU
